date,open,high,close,low,volume,price_change,p_change,ma5,ma10,ma20,v_ma5,v_ma10,v_ma20,turnover
2018-04-12,16.2,16.34,16.28,16.09,94713.82,0.06,0.37,15.916,15.643,15.673,91752.74,89425.6,81167.23,0.46
2018-04-11,16.04,16.34,16.2,16.04,80913.88,0.18,1.12,15.756,15.576,15.666,87236.96,89537.53,80722.12,0.39
2018-04-10,15.72,16.09,16.02,15.63,125015.55,0.39,2.5,15.564,15.479,15.681,84007.99,92129.17,82085.66,0.6
2018-04-09,15.43,15.64,15.63,15.31,67979.47,0.17,1.1,15.486,15.4,15.694,73228.62,92385.51,79911.58,0.33
2018-04-04,15.47,15.65,15.45,15.42,90140.96,-0.02,-0.13,15.446,15.391,15.721,80405.26,95170.74,79199.33,0.44
2018-04-03,15.04,15.48,15.48,15.02,72134.92,0.24,1.57,15.37,15.431,15.746,87098.46,91552.66,78254.99,0.35
2018-04-02,15.61,15.68,15.24,15.2,64769.07,-0.4,-2.56,15.396,15.47,15.787,91838.1,88476.05,79608.74,0.31
2018-03-30,15.43,15.77,15.63,15.35,71118.66,0.2,1.3,15.394,15.529,15.834,100250.34,87516.71,79227.2,0.34
2018-03-29,15.08,15.5,15.43,14.82,103862.7,0.37,2.46,15.314,15.561,15.864,111542.4,84382.35,78845.5,0.5
2018-03-28,15.4,15.68,15.07,14.99,123606.97,-0.54,-3.46,15.336,15.617,15.911,109936.21,78951.83,76622.32,0.6
2018-03-27,15.36,15.73,15.61,15.36,95833.08,0.38,2.5,15.492,15.703,15.977,96006.86,72908.86,75461.51,0.46
2018-03-26,15.18,15.38,15.23,14.92,106830.27,0.0,0.0,15.544,15.755,16.029,85114.01,71906.72,74942.2,0.52
2018-03-23,15.01,15.38,15.23,14.88,127578.97,-0.31,-2.0,15.664,15.883,16.117,74783.08,72042.15,76819.5,0.62
2018-03-22,15.83,15.93,15.54,15.45,95831.78,-0.29,-1.83,15.808,15.988,16.18,57222.3,67437.66,75042.4,0.46
2018-03-21,15.87,15.99,15.85,15.81,53960.18,-0.02,-0.13,15.898,16.05,16.232,47967.44,63227.92,75464.32,0.26
2018-03-20,15.72,15.95,15.87,15.7,41368.83,0.05,0.32,15.914,16.06,16.236,49810.86,64957.32,77828.56,0.2
2018-03-19,15.9,15.9,15.83,15.7,55175.63,-0.1,-0.63,15.966,16.104,16.223,58699.43,70741.44,82547.06,0.27
2018-03-16,16.0,16.2,15.95,15.9,39775.09,-0.04,-0.25,16.102,16.138,16.197,69301.23,70937.69,85848.46,0.19
2018-03-15,15.91,16.15,15.99,15.87,49557.45,0.05,0.31,16.168,16.167,16.145,77653.01,73308.65,101918.72,0.24
2018-03-14,16.14,16.14,15.93,15.85,63177.31,-0.2,-1.24,16.202,16.205,16.115,78488.41,74292.82,106957.78,0.31
2018-03-13,16.45,16.58,16.13,16.1,85811.68,-0.37,-2.24,16.206,16.25,16.093,80103.78,78014.17,116753.61,0.41
2018-03-12,16.29,16.57,16.51,16.26,108184.6,0.21,1.29,16.242,16.302,16.095,82783.44,77977.69,127226.08,0.52
2018-03-09,16.17,16.43,16.28,16.15,81534.0,0.13,0.81,16.174,16.351,16.127,72574.15,81596.85,133489.78,0.39
2018-03-08,16.02,16.17,16.16,15.9,53734.44,0.19,1.19,16.166,16.371,16.174,68964.3,82647.15,139504.38,0.26
2018-03-07,16.32,16.35,15.95,15.88,71254.2,-0.36,-2.21,16.208,16.413,16.204,70097.24,87700.72,146225.08,0.34
2018-03-06,16.3,16.33,16.31,15.73,99209.98,0.14,0.87,16.294,16.411,16.252,75924.55,90699.8,150788.39,0.48
2018-03-05,16.12,16.41,16.17,16.11,57138.11,-0.02,-0.12,16.362,16.342,16.268,73171.93,94352.69,153429.9,0.28
2018-03-02,16.29,16.36,16.24,16.05,63484.77,-0.12,-0.73,16.528,16.256,16.283,90619.55,100759.23,160480.5,0.31
2018-03-01,16.3,16.52,16.37,16.24,59399.12,0.0,0.0,16.576,16.122,16.297,96329.99,130528.78,163248.21,0.29
2018-02-28,16.6,16.6,16.38,16.19,100390.75,-0.27,-1.62,16.618,16.024,16.301,105304.21,139622.73,167890.68,0.49
2018-02-27,17.05,17.17,16.65,16.6,85446.9,-0.35,-2.06,16.528,15.935,16.319,105475.06,155493.05,173823.67,0.41
2018-02-26,16.48,17.15,17.0,16.47,144376.22,0.51,3.09,16.322,15.887,16.312,115533.44,176474.48,179260.3,0.7
2018-02-23,16.65,16.65,16.48,16.21,92036.97,-0.1,-0.6,15.984,15.902,16.26,110898.91,185382.71,178569.73,0.44
2018-02-22,16.15,16.67,16.58,16.04,104270.22,0.65,4.08,15.668,15.977,16.224,164727.56,196361.62,181417.64,0.5
2018-02-14,15.79,16.09,15.93,15.48,101244.97,0.32,2.05,15.43,15.995,16.187,173941.25,204749.44,183920.94,0.49
2018-02-13,15.45,16.09,15.62,15.45,135738.84,0.3,1.96,15.342,16.092,16.174,205511.04,210876.98,188174.38,0.66
2018-02-12,14.9,15.48,15.31,14.83,121203.57,0.41,2.75,15.452,16.194,16.185,237415.52,212507.12,196374.66,0.59
2018-02-09,14.9,15.06,14.9,14.0,361180.22,-0.47,-3.06,15.82,16.309,16.189,259866.51,220201.76,207282.75,1.75
2018-02-08,15.5,15.79,15.39,15.1,150338.67,-0.1,-0.65,16.286,16.472,16.19,227995.67,195967.65,197924.97,0.73
2018-02-07,16.57,16.63,15.49,15.31,259093.88,-0.71,-4.38,16.56,16.577,16.155,235557.62,196158.63,195898.72,1.25
2018-02-06,16.55,16.88,16.17,16.17,295261.25,-0.98,-5.71,16.842,16.703,16.123,216242.93,192154.3,191781.03,1.43
2018-02-05,16.78,17.41,17.15,16.6,233458.52,-0.07,-0.41,16.936,16.736,16.066,187598.72,182046.11,187610.97,1.13
2018-02-02,16.58,17.3,17.23,16.09,201826.02,0.46,2.74,16.798,16.618,15.934,180537.02,171756.74,184184.17,0.98
2018-02-01,16.98,17.25,16.76,16.55,188148.41,-0.14,-0.83,16.658,16.471,15.801,163939.63,166473.67,180082.64,0.91
2018-01-31,16.41,17.0,16.9,16.29,162520.45,0.28,1.69,16.594,16.378,15.693,156759.64,163092.45,179957.0,0.79
2018-01-30,16.35,16.69,16.64,16.23,152040.22,0.16,0.97,16.564,16.256,15.588,168065.67,165471.77,179354.46,0.73
2018-01-29,16.52,16.64,16.46,16.17,198150.0,-0.07,-0.42,16.536,16.175,15.496,176493.5,180242.2,178316.4,0.96
2018-01-26,16.49,16.66,16.53,16.27,118839.09,0.09,0.55,16.438,16.068,15.407,162976.46,194363.73,172646.25,0.57
2018-01-25,16.66,16.66,16.44,16.18,152248.44,-0.31,-1.85,16.284,15.908,15.308,169007.7,199882.3,172381.58,0.74
2018-01-24,16.36,16.8,16.75,16.26,219050.59,0.26,1.58,16.162,15.733,15.199,169425.25,195638.82,173061.54,1.06
2018-01-23,15.9,16.55,16.5,15.9,194179.39,0.54,3.38,15.948,15.543,15.099,162877.87,191407.76,168235.76,0.94
2018-01-22,15.77,16.0,15.97,15.52,130564.78,0.21,1.33,15.814,15.396,15.01,183990.89,193175.83,165168.0,0.63
2018-01-19,15.86,16.05,15.76,15.63,148995.3,-0.1,-0.63,15.698,15.25,14.946,225751.01,196611.61,163831.14,0.72
2018-01-18,15.6,16.08,15.83,15.56,154336.2,0.15,0.96,15.532,15.13,14.898,230756.9,193691.61,162564.97,0.75
2018-01-17,15.8,15.9,15.68,15.38,186313.69,-0.15,-0.95,15.304,15.008,14.839,221852.38,196821.56,162243.16,0.9
2018-01-16,15.32,15.87,15.83,15.32,299744.5,0.43,2.79,15.138,14.919,14.792,219937.65,193237.14,157865.0,1.45
2018-01-15,14.9,15.59,15.39,14.83,339365.34,0.44,2.94,14.978,14.816,14.729,202360.76,176390.59,148501.21,1.64
2018-01-12,14.68,15.03,14.93,14.64,174024.75,0.24,1.63,14.802,14.745,14.69,167472.21,150928.76,135982.89,0.84
2018-01-11,14.68,14.93,14.69,14.68,109813.64,-0.16,-1.08,14.728,14.707,14.682,156626.32,144880.86,134054.06,0.53
2018-01-10,15.02,15.02,14.85,14.71,176740.02,-0.17,-1.13,14.712,14.664,14.68,171790.73,150484.26,137725.83,0.85
2018-01-09,14.46,15.03,15.03,14.37,211860.05,0.53,3.65,14.7,14.655,14.643,166536.64,145063.77,133845.09,1.02
2018-01-08,14.68,14.69,14.51,14.41,164922.58,-0.06,-0.41,14.654,14.623,14.605,150420.43,137160.17,132408.1,0.8
2018-01-05,14.6,14.67,14.56,14.48,119795.32,-0.06,-0.41,14.688,14.641,14.573,134385.32,131050.68,130476.93,0.58
2018-01-04,14.75,14.78,14.61,14.54,185635.69,-0.19,-1.28,14.686,14.666,14.532,133135.4,131438.33,130852.34,0.9
2018-01-03,14.84,14.84,14.79,14.65,150469.55,-0.01,-0.07,14.616,14.67,14.502,129177.8,127664.77,129561.27,0.73
2018-01-02,14.73,14.85,14.8,14.59,131279.0,0.1,0.68,14.61,14.664,14.479,123590.9,122492.86,128219.4,0.63
2017-12-29,14.62,14.72,14.68,14.5,84747.04,0.13,0.89,14.592,14.641,14.452,123899.92,120611.83,128269.21,0.41
2017-12-28,14.28,14.61,14.55,14.16,113545.73,0.31,2.18,14.594,14.635,14.421,127716.05,121037.01,127602.86,0.55
2017-12-27,14.83,14.83,14.26,14.13,165847.66,-0.49,-3.32,14.646,14.656,14.396,129741.26,123227.25,127275.27,0.8
2017-12-26,14.69,14.88,14.76,14.6,122535.05,0.04,0.27,14.724,14.696,14.392,126151.74,124967.39,126373.42,0.59
2017-12-25,14.65,14.87,14.71,14.65,132824.11,0.03,0.2,14.718,14.631,14.367,121394.82,122626.41,125941.95,0.64
2017-12-22,14.82,14.97,14.69,14.64,103827.68,-0.13,-0.88,14.69,14.587,14.338,117323.74,127656.04,126822.93,0.5
2017-12-21,14.64,14.92,14.81,14.57,123671.8,0.17,1.16,14.676,14.505,14.323,114357.98,129903.17,131237.97,0.6
2017-12-20,14.74,14.92,14.65,14.61,147900.06,-0.09,-0.61,14.666,14.397,14.307,116713.25,130266.35,142336.02,0.71
2017-12-19,14.55,14.79,14.73,14.48,98750.47,0.15,1.03,14.668,14.334,14.355,123783.05,131457.78,148008.98,0.48
2017-12-18,14.62,14.71,14.57,14.33,112468.67,-0.04,-0.27,14.544,14.293,14.394,123858.0,133945.95,155339.89,0.54
2017-12-15,14.77,14.77,14.62,14.48,88998.92,-0.13,-0.88,14.484,14.262,14.423,137988.34,135926.6,160540.31,0.43
2017-12-14,14.72,14.78,14.76,14.61,135448.12,0.09,0.61,14.334,14.206,14.447,145448.36,134168.71,166604.65,0.65
2017-12-13,14.11,14.71,14.66,14.11,183249.06,0.55,3.9,14.128,14.135,14.46,143819.46,131323.29,172386.96,0.89
2017-12-12,14.3,14.32,14.11,14.1,99125.21,-0.16,-1.12,14.0,14.088,14.462,139132.51,127779.44,176050.98,0.48
2017-12-11,13.93,14.29,14.27,13.88,183120.38,0.4,2.88,14.042,14.102,14.51,144033.9,129257.49,182442.49,0.88
2017-12-08,13.76,13.93,13.87,13.66,126299.05,0.14,1.02,14.04,14.088,14.571,133864.86,125989.83,182319.96,0.61
2017-12-07,14.04,14.11,13.73,13.69,127303.59,-0.3,-2.14,14.078,14.14,14.639,122889.06,132572.76,185179.23,0.62
2017-12-06,14.25,14.25,14.02,13.78,159814.31,-0.29,-2.03,14.142,14.217,14.707,118827.12,154405.68,189275.82,0.77
2017-12-05,14.19,14.4,14.32,14.1,123632.19,0.07,0.49,14.176,14.376,14.743,116426.37,164560.18,194788.58,0.6
2017-12-04,14.02,14.3,14.26,13.89,132275.14,0.21,1.5,14.162,14.494,14.763,114481.07,176733.83,198976.84,0.64
2017-12-01,14.05,14.18,14.06,13.93,71420.05,0.03,0.21,14.136,14.584,14.781,118114.8,185154.02,209338.19,0.35
2017-11-30,14.12,14.31,14.05,13.98,106993.93,-0.13,-0.92,14.202,14.687,14.775,142256.46,199040.6,215327.83,0.52
2017-11-29,14.28,14.37,14.19,13.88,147810.52,-0.04,-0.28,14.292,14.785,14.779,189984.24,213450.62,219356.64,0.71
2017-11-28,14.16,14.31,14.25,14.08,113905.71,0.14,0.99,14.576,14.835,14.783,212693.99,224322.52,227530.32,0.55
2017-11-27,14.39,14.47,14.13,14.05,150443.81,-0.25,-1.74,14.826,14.918,14.769,238986.59,235627.5,232888.28,0.73
2017-11-24,14.48,14.57,14.39,14.19,192128.31,-0.11,-0.76,15.032,15.054,14.765,252193.24,238650.09,245609.88,0.93
2017-11-23,15.4,15.4,14.5,14.42,345632.84,-0.95,-6.15,15.172,15.137,14.733,255824.74,237785.71,250099.78,1.67
2017-11-22,15.56,15.85,15.61,15.2,261359.3,0.1,0.65,15.278,15.197,14.691,236917.01,224145.95,253612.25,1.26
2017-11-21,15.17,15.74,15.5,15.12,245368.7,0.33,2.17,15.094,15.109,14.564,235951.05,225016.98,246238.66,1.19
2017-11-20,15.0,15.19,15.16,14.6,216477.06,0.15,1.0,15.01,15.031,14.44,232268.4,221219.85,239206.63,1.05
2017-11-17,15.1,15.27,15.09,14.81,210285.78,0.06,0.4,15.076,14.978,14.333,225106.94,233522.36,234441.18,1.02
2017-11-16,14.7,15.18,15.03,14.64,251094.2,0.34,2.31,15.102,14.863,14.233,219746.68,231615.07,230191.36,1.21
2017-11-15,14.97,15.12,14.69,14.6,256529.52,-0.35,-2.33,15.116,14.772,14.141,211374.9,225262.67,225370.72,1.24
2017-11-14,15.35,15.49,15.08,14.91,226955.44,-0.41,-2.65,15.124,14.73,14.062,214082.9,230738.12,221928.63,1.1
2017-11-13,15.38,15.64,15.49,15.14,180669.77,0.26,1.71,15.052,14.619,13.953,210171.29,230149.07,215257.53,0.87
2017-11-10,15.1,15.35,15.22,15.01,183484.45,0.12,0.8,14.88,14.476,13.823,241937.78,252569.67,213227.4,0.89
2017-11-09,14.77,15.18,15.1,14.66,209235.3,0.37,2.51,14.624,14.329,13.71,243483.46,262413.86,211338.66,1.01
2017-11-08,14.6,15.15,14.73,14.6,270069.53,0.01,0.07,14.428,14.185,13.603,239150.44,283078.56,213254.52,1.31
2017-11-07,14.64,14.85,14.72,14.52,207397.42,0.09,0.61,14.336,14.019,13.498,247393.35,267460.35,211258.04,1.0
2017-11-06,13.98,14.65,14.63,13.95,339502.19,0.69,4.95,14.186,13.848,13.396,250126.85,257193.42,225630.57,1.64
2017-11-03,14.15,14.19,13.94,13.85,191212.88,-0.18,-1.27,14.072,13.688,13.321,263201.57,235360.01,218661.74,0.92
2017-11-02,14.2,14.32,14.12,14.0,187570.16,-0.15,-1.05,14.034,13.603,13.278,281344.26,228767.65,213983.06,0.91
2017-11-01,14.01,14.32,14.27,14.01,311284.09,0.3,2.15,13.942,13.509,13.22,327006.67,225478.77,207836.55,1.5
2017-10-31,13.97,14.04,13.97,13.8,221064.94,-0.09,-0.64,13.702,13.393,13.16,287527.36,213119.13,197707.48,1.07
2017-10-30,13.85,14.08,14.06,13.6,404875.78,0.31,2.25,13.51,13.286,13.103,264259.99,200365.99,191635.73,1.96
2017-10-27,13.6,13.82,13.75,13.55,281926.31,0.09,0.66,13.304,13.169,13.041,207518.45,173885.13,180153.99,1.36
2017-10-26,13.01,13.68,13.66,13.01,415882.25,0.59,4.51,13.172,13.091,13.004,176191.05,160263.47,176416.29,2.01
2017-10-25,13.01,13.1,13.07,12.91,113887.51,0.06,0.46,13.076,13.02,12.978,123950.87,143430.49,158611.42,0.55
2017-10-24,12.97,13.05,13.01,12.92,104728.1,-0.02,-0.15,13.084,12.976,12.983,138710.91,155055.72,158477.94,0.51
2017-10-23,13.08,13.1,13.03,12.9,121168.06,-0.06,-0.46,13.062,12.943,12.991,136472.0,194067.72,160972.12,0.59
2017-10-20,13.11,13.32,13.09,13.03,125289.33,-0.09,-0.68,13.034,12.953,13.009,140251.8,201963.48,159832.98,0.61
2017-10-19,13.12,13.25,13.18,12.95,154681.34,0.07,0.53,13.01,12.953,13.019,144335.88,199198.46,159478.88,0.75
2017-10-18,12.86,13.13,13.11,12.82,187687.7,0.21,1.63,12.964,12.931,13.031,162910.1,190194.32,158363.3,0.91
2017-10-17,12.89,12.93,12.9,12.75,93533.56,0.01,0.08,12.868,12.926,13.053,171400.53,182295.82,153192.25,0.45
2017-10-16,12.97,12.99,12.89,12.75,140067.09,-0.08,-0.62,12.824,12.92,13.086,251663.43,182905.46,154488.03,0.68
2017-10-13,12.97,13.07,12.97,12.9,145709.73,0.02,0.15,12.872,12.912,13.118,263675.15,186422.86,158668.38,0.7
2017-10-12,12.66,12.97,12.95,12.63,247552.44,0.32,2.53,12.896,12.916,13.153,254061.04,192569.12,164125.51,1.2
2017-10-11,12.68,12.75,12.63,12.6,230139.84,-0.05,-0.39,12.898,12.936,13.179,217478.53,173792.35,162684.45,1.11
2017-10-10,13.1,13.1,12.68,12.55,494848.06,-0.45,-3.43,12.984,12.99,13.207,193191.11,161900.16,154994.8,2.39
2017-10-09,13.25,13.34,13.13,13.04,200125.67,0.04,0.31,13.016,13.038,13.238,114147.48,127876.53,135793.17,0.97
2017-09-29,12.95,13.19,13.09,12.95,97639.18,0.13,1.0,12.952,13.064,13.244,109170.58,117702.48,132549.36,0.47
2017-09-28,13.07,13.09,12.96,12.93,64639.92,-0.1,-0.77,12.936,13.085,13.259,131077.2,119759.29,133714.23,0.31
2017-09-27,12.86,13.07,13.06,12.86,108702.72,0.22,1.71,12.974,13.131,13.281,130106.17,126532.28,139130.11,0.53
2017-09-26,12.81,12.96,12.84,12.78,99629.93,0.03,0.23,12.996,13.18,13.315,130609.21,124088.68,143386.44,0.48
2017-09-25,13.0,13.01,12.81,12.74,175241.14,-0.2,-1.54,13.06,13.251,13.351,141605.58,126070.61,144681.56,0.85
2017-09-22,13.15,13.2,13.01,12.84,207172.27,-0.14,-1.06,13.176,13.323,13.384,126234.39,130913.91,144635.68,1.0
2017-09-21,13.17,13.23,13.15,13.11,59784.81,-0.02,-0.15,13.234,13.389,13.392,108441.39,135681.91,138106.06,0.29
2017-09-20,13.21,13.25,13.17,13.07,111217.89,0.01,0.08,13.288,13.422,13.388,122958.39,151576.54,137578.63,0.54
2017-09-19,13.38,13.44,13.16,13.11,154611.81,-0.23,-1.72,13.364,13.424,13.385,117568.15,148089.44,134577.3,0.75
2017-09-18,13.3,13.43,13.39,13.26,98385.15,0.09,0.68,13.442,13.438,13.389,110535.64,143709.81,130168.56,0.48
2017-09-15,13.39,13.43,13.3,13.25,118207.3,-0.12,-0.89,13.47,13.424,13.381,135593.43,147396.23,129500.17,0.57
2017-09-14,13.53,13.56,13.42,13.3,132369.8,-0.13,-0.96,13.544,13.432,13.38,162922.42,147669.16,128680.89,0.64
2017-09-13,13.56,13.6,13.55,13.42,84266.69,0.0,0.0,13.556,13.43,13.367,180194.7,151727.94,126565.65,0.41
2017-09-12,13.52,13.67,13.55,13.41,119449.25,0.02,0.15,13.484,13.45,13.35,178610.73,162684.21,126193.64,0.58
2017-09-11,13.68,13.8,13.53,13.45,223674.09,-0.14,-1.02,13.434,13.45,13.34,176883.99,163292.51,129446.79,1.08
2017-09-08,13.39,13.78,13.67,13.39,254852.28,0.19,1.41,13.378,13.444,13.31,159199.03,158357.46,123372.94,1.23
2017-09-07,13.19,13.55,13.48,13.17,218731.19,0.29,2.2,13.32,13.394,13.27,132415.89,140530.21,117608.86,1.06
2017-09-06,13.26,13.29,13.19,13.15,76346.82,-0.11,-0.83,13.304,13.354,13.249,123261.18,123580.72,112837.43,0.37
2017-09-05,13.3,13.34,13.3,13.2,110815.57,0.05,0.38,13.416,13.346,13.251,146757.68,121065.17,116872.66,0.54
2017-09-04,13.34,13.34,13.25,13.1,135249.3,-0.13,-0.97,13.466,13.339,13.24,149701.02,116627.31,124091.83,0.65
2017-09-01,13.42,13.47,13.38,13.29,120936.58,-0.02,-0.15,13.51,13.337,13.238,157515.88,111604.1,127216.11,0.58
2017-08-31,13.72,13.72,13.4,13.38,172957.61,-0.35,-2.54,13.468,13.327,13.24,148644.53,109692.62,127389.24,0.84
2017-08-30,13.61,13.84,13.75,13.6,193829.36,0.2,1.48,13.404,13.304,13.24,123900.25,101403.37,128028.39,0.94
2017-08-29,13.49,13.58,13.55,13.33,125532.25,0.08,0.59,13.276,13.249,13.227,95372.65,89703.07,125960.64,0.61
2017-08-28,13.2,13.48,13.47,13.15,174323.59,0.3,2.28,13.212,13.229,13.222,83553.59,95601.08,126719.24,0.84
2017-08-25,13.08,13.25,13.17,13.05,76579.85,0.09,0.69,13.164,13.175,13.224,65692.33,88388.42,124731.12,0.37
2017-08-24,13.11,13.17,13.08,13.03,49236.22,-0.03,-0.23,13.186,13.145,13.241,70740.72,94687.52,127416.85,0.24
2017-08-23,13.21,13.25,13.11,13.08,51191.32,-0.12,-0.91,13.204,13.143,13.269,78906.49,102094.15,132783.23,0.25
2017-08-22,13.28,13.33,13.23,13.15,66436.99,0.0,0.0,13.222,13.155,13.295,84033.49,112680.16,141586.97,0.32
2017-08-21,13.28,13.37,13.23,13.15,85017.25,-0.05,-0.38,13.246,13.14,13.328,107648.57,131556.34,144383.99,0.41
2017-08-18,13.12,13.34,13.28,13.04,101821.81,0.11,0.83,13.186,13.138,13.372,111084.51,142828.12,147021.22,0.49
2017-08-17,13.2,13.3,13.17,13.01,90065.06,-0.03,-0.23,13.104,13.152,13.41,118634.31,145085.86,154078.68,0.44
2017-08-16,13.3,13.33,13.2,13.13,76826.36,-0.15,-1.12,13.082,13.175,13.457,125281.82,154653.4,164035.81,0.37
2017-08-15,12.97,13.36,13.35,12.88,184512.39,0.42,3.25,13.088,13.204,13.478,141326.83,162218.22,169660.98,0.89
2017-08-14,12.84,13.12,12.93,12.77,102196.92,0.06,0.47,13.034,13.215,13.479,155464.11,157837.4,168268.33,0.49
2017-08-11,12.91,13.01,12.87,12.81,139570.83,-0.19,-1.46,13.09,13.273,13.499,174571.74,161073.83,176933.61,0.67
2017-08-10,13.23,13.23,13.06,12.95,123302.6,-0.17,-1.28,13.2,13.336,13.541,171537.42,160146.19,177271.48,0.6
2017-08-09,13.04,13.25,13.23,12.88,157051.41,0.15,1.15,13.268,13.394,13.873,184024.98,163472.3,176125.76,0.76
2017-08-08,13.23,13.33,13.08,12.98,255198.8,-0.13,-0.98,13.32,13.434,14.195,183109.61,170493.77,173667.96,1.23
2017-08-07,13.42,13.47,13.21,13.12,197735.06,-0.21,-1.56,13.396,13.516,14.52,160210.68,157211.65,166598.0,0.96
2017-08-04,13.4,13.55,13.42,13.36,124399.21,0.02,0.15,13.456,13.605,14.83,147575.91,151214.31,165794.92,0.6
2017-08-03,13.45,13.56,13.4,13.3,185740.44,-0.09,-0.67,13.472,13.668,15.154,148754.97,163071.5,165501.7,0.9
2017-08-02,13.48,13.58,13.49,13.44,152474.53,0.03,0.22,13.52,13.738,15.467,142919.62,173418.22,164333.64,0.74
2017-08-01,13.53,13.65,13.46,13.39,140704.16,-0.05,-0.37,13.548,13.751,15.768,157877.93,177103.73,162021.6,0.68
2017-07-31,13.46,13.61,13.51,13.39,134561.23,0.01,0.07,13.636,13.743,16.07,154212.61,178699.26,170173.79,0.65
2017-07-28,13.57,13.66,13.5,13.46,130294.48,-0.14,-1.03,13.754,13.725,16.359,154852.71,192793.39,181410.86,0.63
2017-07-27,13.51,13.74,13.64,13.26,156563.69,0.01,0.07,13.864,13.746,16.607,177388.02,194396.77,183057.24,0.76
2017-07-26,13.83,13.91,13.63,13.43,227266.08,-0.27,-1.94,13.956,14.352,16.841,203916.82,188779.22,183689.35,1.1
2017-07-25,14.1,14.12,13.9,13.8,122377.57,-0.2,-1.42,13.954,14.955,17.063,196329.54,176842.16,181077.99,0.59
2017-07-24,13.99,14.18,14.1,13.91,137761.73,0.05,0.36,13.85,15.524,17.288,203185.9,175984.36,184405.53,0.67
2017-07-21,14.0,14.45,14.05,13.98,242971.05,-0.05,-0.35,13.696,16.055,17.516,230734.08,180375.53,186964.19,1.17
2017-07-20,13.63,14.11,14.1,13.47,289207.69,0.48,3.52,13.628,16.639,17.737,211405.51,167931.91,184935.64,1.4
2017-07-19,13.39,13.69,13.62,13.25,189329.64,0.24,1.79,14.748,17.195,17.923,173641.62,155249.06,181047.44,0.91
2017-07-18,13.33,13.58,13.38,13.06,156659.39,0.05,0.38,15.956,17.785,18.15,157354.78,146939.47,185052.69,0.76
2017-07-17,13.6,13.69,13.33,12.86,275502.62,-0.38,-2.77,17.198,18.397,18.364,148782.81,161648.33,184779.6,1.33
2017-07-14,13.46,13.78,13.71,13.41,146328.2,0.38,2.85,18.414,18.993,18.59,130016.97,170028.32,175843.2,0.71
2017-07-13,19.78,19.93,19.7,19.54,100388.25,0.04,0.2,19.65,19.468,18.792,124458.3,171717.71,172992.34,0.7
2017-07-12,19.63,19.99,19.66,19.6,107895.42,0.07,0.36,19.642,19.329,18.692,136856.51,178599.49,174989.1,0.76
2017-07-11,19.3,19.76,19.59,19.3,113799.58,0.18,0.93,19.614,19.17,18.606,136524.16,185313.83,177851.75,0.8
2017-07-10,19.9,19.97,19.41,19.34,181673.41,-0.48,-2.41,19.596,19.051,18.536,174513.85,192826.7,178575.68,1.27
2017-07-07,19.6,20.05,19.89,19.55,118534.86,0.23,1.17,19.572,18.977,18.474,210039.66,193552.86,183414.85,0.83
2017-07-06,19.5,20.02,19.66,19.43,162379.27,0.14,0.72,19.286,18.834,18.385,218977.11,201939.38,186401.55,1.14
2017-07-05,19.49,19.6,19.52,19.24,106233.67,0.02,0.1,19.016,18.651,18.316,220342.46,206845.81,187593.62,0.74
2017-07-04,19.19,19.68,19.5,19.1,303748.06,0.21,1.09,18.726,18.515,18.243,234103.5,223165.9,195899.43,2.13
2017-07-03,18.5,19.57,19.29,18.5,359302.44,0.83,4.5,18.506,18.331,18.142,211139.55,207910.87,197225.82,2.52
2017-06-30,18.36,18.49,18.46,18.2,163222.12,0.15,0.82,18.382,18.187,18.028,177066.07,181658.09,186849.35,1.14
2017-06-29,18.1,18.37,18.31,18.02,169206.02,0.24,1.33,18.382,18.115,17.946,184901.64,174266.98,189138.31,1.19
2017-06-28,18.3,18.54,18.07,18.03,175038.84,-0.33,-1.79,18.286,18.054,17.868,193349.16,171378.72,195083.71,1.23
2017-06-27,18.7,18.74,18.4,18.3,188928.33,-0.27,-1.45,18.304,18.042,17.79,212228.31,170389.66,202531.94,1.32
2017-06-26,18.53,18.78,18.67,18.39,188935.03,0.21,1.14,18.156,18.021,17.685,204682.18,164324.66,206104.6,1.32
2017-06-23,17.86,18.49,18.46,17.8,202400.0,0.63,3.53,17.992,17.97,17.561,186250.11,173276.84,206423.14,1.42
2017-06-22,18.05,18.32,17.83,17.81,211443.62,-0.33,-1.82,17.848,17.936,17.439,163632.31,170863.73,213335.59,1.48
2017-06-21,17.68,18.18,18.16,17.64,269434.59,0.5,2.83,17.822,17.98,17.369,149408.28,168341.44,220109.14,1.89
2017-06-20,17.89,17.92,17.66,17.54,151197.66,-0.19,-1.06,17.78,17.971,17.311,128551.01,168632.95,215893.62,1.06
2017-06-19,17.71,17.95,17.85,17.68,96774.67,0.11,0.62,17.886,17.952,17.275,123967.13,186540.77,216990.7,0.68
2017-06-16,17.66,17.91,17.74,17.65,89311.0,0.04,0.23,17.948,17.868,17.229,160303.56,192040.62,219201.25,0.63
2017-06-15,17.88,17.97,17.7,17.62,140323.5,-0.25,-1.39,18.024,17.776,17.191,178095.15,204009.63,224671.55,0.98
2017-06-14,18.17,18.3,17.95,17.74,165148.23,-0.24,-1.32,18.138,17.681,17.16,187274.59,218788.7,230211.74,1.16
2017-06-13,18.19,18.27,18.19,17.91,128278.25,0.03,0.17,18.162,17.537,17.087,208714.88,234674.21,231443.41,0.9
2017-06-12,18.09,18.87,18.16,18.0,278456.84,0.04,0.22,18.018,17.349,17.0,249114.41,247884.55,231617.0,1.95
2017-06-09,18.27,18.28,18.12,17.96,178268.94,-0.15,-0.82,17.788,17.152,16.901,223777.67,239569.44,223667.2,1.25
2017-06-08,17.95,18.37,18.27,17.88,186220.67,0.2,1.11,17.528,16.941,16.799,229924.12,255807.44,219335.98,1.3
2017-06-07,17.5,18.12,18.07,17.47,272349.69,0.6,3.43,17.224,16.757,16.709,250302.82,271876.85,215032.83,1.91
2017-06-06,17.05,17.55,17.47,16.94,330275.91,0.46,2.7,16.912,16.651,16.637,260633.54,263154.29,208739.01,2.31
2017-06-05,16.83,17.03,17.01,16.7,151773.16,0.19,1.13,16.68,16.598,16.598,246654.7,247440.62,199011.34,1.2
2017-06-02,16.67,17.05,16.82,16.67,209001.16,0.07,0.42,16.516,16.59,16.582,255361.21,246361.87,201758.77,1.65
2017-06-01,16.48,16.91,16.75,16.4,288114.19,0.24,1.45,16.354,16.605,16.579,281690.77,245333.47,206076.78,2.27
2017-05-31,16.35,16.55,16.51,16.31,324003.28,0.2,1.23,16.29,16.638,16.556,293450.89,241634.78,198635.01,2.55
2017-05-26,16.28,16.5,16.31,16.18,260381.7,0.12,0.74,16.39,16.637,16.528,265675.03,228212.61,186162.48,2.05
2017-05-25,15.98,16.23,16.19,15.94,195305.73,0.18,1.12,16.516,16.651,16.514,248226.55,215349.45,176669.43,1.54
2017-05-24,16.29,16.32,16.01,15.89,340648.94,-0.42,-2.56,16.664,16.65,16.5,237362.53,207764.96,169941.57,2.68
2017-05-23,16.88,16.9,16.43,16.21,346914.78,-0.58,-3.41,16.856,16.656,16.499,208976.16,182864.51,156948.71,2.73
2017-05-22,16.92,17.05,17.01,16.66,185124.02,0.07,0.41,16.986,16.66,16.469,189818.67,158188.81,144295.39,1.46
2017-05-19,16.93,17.0,16.94,16.69,173139.27,0.01,0.06,16.884,16.622,16.432,190750.18,154323.73,139002.67,1.36
2017-05-18,16.85,17.1,16.93,16.78,140985.66,-0.04,-0.24,16.786,16.597,16.407,182472.34,150582.06,138043.27,1.22
2017-05-17,17.0,17.18,16.97,16.92,198717.09,-0.11,-0.64,16.636,16.573,16.363,178167.39,157155.66,137571.02,1.72
2017-05-16,16.53,17.09,17.08,16.48,251127.31,0.58,3.52,16.456,16.552,16.313,156752.86,166820.09,131866.06,2.17
2017-05-15,16.6,16.82,16.5,16.47,189781.59,0.05,0.3,16.334,16.473,16.258,126558.95,155635.24,124241.0,1.64
2017-05-12,16.15,16.62,16.45,16.08,131750.06,0.27,1.67,16.36,16.418,16.246,117897.28,144112.35,123782.44,1.14
2017-05-11,16.04,16.19,16.18,15.81,119460.91,0.11,0.69,16.408,16.376,16.258,118691.78,137989.42,137555.7,1.03
2017-05-10,16.4,16.55,16.07,16.06,91644.41,-0.4,-2.43,16.51,16.35,16.285,136143.93,132118.18,155942.47,0.79
2017-05-09,16.57,16.57,16.47,16.31,100157.76,-0.16,-0.96,16.648,16.341,16.283,176887.32,131032.91,158991.3,0.87
2017-05-08,16.75,16.89,16.63,16.39,146473.28,-0.06,-0.36,16.612,16.278,16.257,184711.53,130401.97,158698.84,1.27
2017-05-05,16.57,16.81,16.69,16.57,135722.52,0.0,0.0,16.476,16.242,16.234,170327.42,123681.62,155686.33,1.17
2017-05-04,16.88,17.02,16.69,16.66,206721.7,-0.07,-0.42,16.344,16.217,16.2,157287.06,125504.49,153648.24,1.79
2017-05-03,16.25,16.87,16.76,16.25,295361.34,0.47,2.88,16.19,16.153,16.164,128092.42,117986.38,148279.42,2.55
2017-05-02,16.02,16.36,16.29,16.02,139278.81,0.34,2.13,16.034,16.074,16.123,85178.49,96912.03,137308.68,1.2
2017-04-28,16.01,16.01,15.95,15.79,74552.72,-0.08,-0.5,15.944,16.042,16.1,76092.4,92846.77,134416.99,0.64
2017-04-27,15.92,16.04,16.03,15.72,70520.73,0.11,0.69,16.008,16.073,16.107,77035.81,103452.53,138359.08,0.61
2017-04-26,16.0,16.11,15.92,15.87,60748.5,-0.06,-0.38,16.09,16.14,16.105,93721.92,137121.98,138971.75,0.53
2017-04-25,15.9,16.09,15.98,15.81,80791.7,0.14,0.88,16.116,16.219,16.119,107880.33,179766.77,142344.78,0.7
2017-04-24,16.28,16.29,15.84,15.74,93848.35,-0.43,-2.64,16.114,16.224,16.14,108645.56,186949.7,145173.25,0.81
2017-04-21,16.39,16.4,16.27,16.16,79269.78,-0.17,-1.03,16.14,16.235,16.148,109601.14,186995.72,145659.14,0.69
2017-04-20,16.08,16.47,16.44,16.05,153951.27,0.39,2.43,16.138,16.225,16.133,129869.24,187691.04,145521.24,1.33
2017-04-19,15.99,16.12,16.05,15.64,131540.56,0.08,0.5,16.19,16.182,16.123,180522.04,181791.98,141510.36,1.14
2017-04-18,15.95,16.16,15.97,15.95,84617.84,0.0,0.0,16.322,16.175,16.132,251653.21,178572.46,138746.01,0.73
2017-04-17,16.15,16.26,15.97,15.91,98626.24,-0.29,-1.78,16.334,16.172,16.141,265253.83,177705.33,138430.18,0.85
2017-04-14,16.63,16.7,16.26,16.24,180610.3,-0.44,-2.63,16.33,16.158,16.157,264390.3,175987.22,137686.25,1.56
2017-04-13,16.48,16.85,16.7,16.39,407215.25,-0.01,-0.06,16.312,16.141,16.153,245512.84,173265.63,133244.57,3.52
2017-04-12,16.63,16.95,16.71,16.32,487196.41,0.68,4.24,16.174,16.069,16.123,183061.93,140821.53,118730.98,4.21
2017-04-11,15.94,16.04,16.03,15.55,152620.97,0.08,0.5,16.028,16.018,16.097,105491.71,104922.78,110082.97,1.32
2017-04-10,16.11,16.19,15.95,15.88,94308.58,-0.22,-1.36,16.01,16.056,16.055,90156.83,103396.8,104699.85,0.82
2017-04-07,16.01,16.25,16.17,15.91,86222.99,0.16,1.0,15.986,16.061,16.02,87584.14,104322.56,106698.7,0.75
2017-04-06,15.99,16.14,16.01,15.95,94960.68,0.03,0.19,15.97,16.04,15.959,101018.42,103351.43,103408.73,0.82
2017-04-05,16.0,16.11,15.98,15.94,99345.33,0.04,0.25,15.964,16.064,15.91,98581.13,101228.73,100175.12,0.86
2017-03-31,15.83,16.05,15.94,15.78,75946.59,0.11,0.69,16.008,16.088,15.865,104353.85,98919.56,98242.31,0.66
2017-03-30,16.08,16.1,15.83,15.69,81445.09,-0.26,-1.62,16.102,16.11,15.815,116636.77,99155.02,96597.19,0.71
2017-03-29,16.03,16.43,16.09,15.9,153394.41,0.11,0.69,16.136,16.155,15.769,121060.98,99385.28,95005.01,1.33
2017-03-28,16.18,16.18,15.98,15.82,82774.23,-0.22,-1.36,16.11,16.165,15.715,105684.44,93223.51,89277.23,0.72
2017-03-27,16.42,16.71,16.2,16.12,128208.94,-0.21,-1.28,16.164,16.176,15.668,103876.33,96640.43,87755.77,1.11
2017-03-24,16.01,16.45,16.41,15.96,137361.16,0.41,2.56,16.168,16.176,15.605,93485.27,115243.16,85008.48,1.19
2017-03-23,15.9,16.15,16.0,15.72,103566.16,0.04,0.25,16.118,16.054,15.552,81673.28,106002.9,84506.0,0.9
2017-03-22,16.17,16.18,15.96,15.95,76511.73,-0.29,-1.78,16.174,15.978,15.515,77709.59,109074.83,86838.41,0.67
2017-03-21,16.17,16.35,16.25,16.1,73733.65,0.03,0.18,16.22,15.878,15.46,80762.57,103466.03,85385.4,0.64
2017-03-20,16.16,16.23,16.22,15.98,76253.65,0.06,0.37,16.188,15.756,15.39,89404.53,99121.5,85248.14,0.66
2017-03-17,16.28,16.36,16.16,16.13,78301.22,-0.12,-0.74,16.184,15.642,15.315,137001.04,97565.06,86224.32,0.68
2017-03-16,16.18,16.29,16.28,16.0,83747.68,0.09,0.56,15.99,15.52,15.224,130332.53,94039.36,84772.65,0.73
2017-03-15,16.12,16.35,16.19,16.03,91776.67,0.1,0.62,15.782,15.382,15.134,140440.08,90624.74,82690.93,0.8
2017-03-14,16.14,16.25,16.09,15.88,116943.45,-0.11,-0.68,15.536,15.265,15.046,126169.49,85330.95,81489.6,1.02
2017-03-13,15.61,16.35,16.2,15.45,314236.19,1.01,6.65,15.324,15.159,14.969,108838.48,78871.11,77623.48,2.73
2017-03-10,15.2,15.26,15.19,15.13,44958.65,-0.05,-0.33,15.1,15.033,14.889,58129.08,54773.81,63796.97,0.39
2017-03-09,14.99,15.25,15.24,14.99,134285.45,0.28,1.87,15.05,15.049,14.858,57746.19,63009.1,63460.55,1.17
2017-03-08,15.03,15.03,14.96,14.93,20423.72,-0.07,-0.47,14.982,15.052,14.82,40809.4,64601.99,58474.65,0.18
2017-03-07,15.1,15.1,15.03,14.95,30288.37,-0.05,-0.33,14.994,15.042,14.796,44492.41,67304.77,59146.71,0.26
2017-03-06,14.9,15.16,15.08,14.9,60689.22,0.14,0.94,14.994,15.023,14.766,48903.73,71374.77,60358.09,0.53
2017-03-03,14.84,14.99,14.94,14.72,43044.19,0.04,0.27,14.966,14.988,14.728,51418.54,74883.58,59513.78,0.37
2017-03-02,15.08,15.09,14.9,14.85,49601.48,-0.12,-0.8,15.048,14.927,14.693,68272.01,75505.95,60213.21,0.43
2017-03-01,15.0,15.18,15.02,15.0,38838.77,-0.01,-0.07,15.122,14.885,14.67,88394.59,74757.11,59324.82,0.34
2017-02-28,14.97,15.1,15.03,14.93,52345.01,0.09,0.6,15.09,14.827,14.641,90117.13,77648.25,59820.95,0.46
2017-02-27,15.21,15.25,14.94,14.92,73263.23,-0.41,-2.67,15.052,14.779,14.602,93845.81,76375.86,58756.18,0.64
2017-02-24,15.2,15.69,15.35,15.02,127311.54,0.08,0.52,15.01,14.745,14.567,98348.62,72820.13,56933.1,1.11
2017-02-23,14.86,15.29,15.27,14.85,150214.38,0.41,2.76,14.806,14.666,14.508,82739.89,63912.0,52315.78,1.31
2017-02-22,14.78,14.92,14.86,14.78,47451.51,0.02,0.14,14.648,14.588,14.445,61119.64,52347.31,46637.79,0.41
2017-02-21,14.75,14.84,14.84,14.66,70988.4,0.11,0.75,14.564,14.549,14.402,65179.37,50988.65,47281.88,0.62
2017-02-20,14.36,14.75,14.73,14.34,95777.26,0.4,2.79,14.506,14.508,14.356,58905.92,49341.4,46257.81,0.83
2017-02-17,14.48,14.51,14.33,14.32,49267.88,-0.15,-1.04,14.48,14.467,14.318,47291.64,44143.97,47478.77,0.43
2017-02-16,14.46,14.52,14.48,14.42,42113.15,0.04,0.28,14.526,14.459,14.308,45084.12,44920.48,46516.65,0.37
2017-02-15,14.52,14.56,14.44,14.43,67750.16,-0.11,-0.76,14.528,14.455,14.292,43574.98,43892.52,46229.68,0.59
2017-02-14,14.6,14.65,14.55,14.5,39621.13,-0.05,-0.34,14.534,14.454,14.287,36797.94,41993.65,45072.05,0.34
2017-02-13,14.57,14.66,14.6,14.53,37705.9,0.04,0.28,14.51,14.425,14.283,39776.88,41136.49,44690.48,0.33
2017-02-10,14.49,14.6,14.56,14.46,38230.25,0.07,0.48,14.454,14.388,14.276,40996.31,41046.07,44393.98,0.33
2017-02-09,14.47,14.5,14.49,14.41,34567.48,0.02,0.14,14.392,14.349,14.266,44756.84,40719.56,44158.25,0.3
2017-02-08,14.42,14.49,14.47,14.31,33864.93,0.04,0.28,14.382,14.301,14.259,44210.06,40928.27,44952.01,0.29
2017-02-07,14.31,14.44,14.43,14.27,54515.83,0.11,0.77,14.374,14.254,14.255,47189.36,43575.12,46572.41,0.47
2017-02-06,14.25,14.33,14.32,14.17,43803.04,0.07,0.49,14.34,14.204,14.248,42496.11,43174.23,45900.17,0.38
2017-02-03,14.38,14.44,14.25,14.17,57032.93,-0.19,-1.32,14.322,14.169,14.236,41095.83,50813.57,44675.84,0.5
2017-01-26,14.46,14.52,14.44,14.36,31833.55,0.01,0.07,14.306,14.157,14.228,36682.28,48112.81,43113.05,0.28
2017-01-25,14.24,14.44,14.43,14.21,48761.46,0.17,1.19,14.22,14.129,14.211,37646.49,48566.85,43530.4,0.42
2017-01-24,14.25,14.29,14.26,14.15,31049.57,0.03,0.21,14.134,14.12,14.202,39960.87,48150.45,42886.39,0.27
2017-01-23,14.16,14.3,14.23,14.15,36801.63,0.06,0.42,14.068,14.14,14.195,43852.35,48244.46,43542.5,0.32
2017-01-20,13.99,14.18,14.17,13.94,34965.2,0.16,1.14,14.016,14.164,14.19,60531.32,47741.89,43300.69,0.3
2017-01-19,13.99,14.07,14.01,13.95,36654.57,0.01,0.07,14.008,14.182,14.195,59543.34,47596.94,43482.84,0.32
2017-01-18,13.97,14.05,14.0,13.93,60333.38,0.07,0.5,14.038,14.216,14.206,59487.21,48975.75,44502.88,0.52
2017-01-17,13.91,14.03,13.93,13.87,50506.98,-0.04,-0.29,14.106,14.255,14.204,56340.03,49569.71,43106.24,0.44
2017-01-16,14.1,14.15,13.97,13.68,120196.47,-0.16,-1.13,14.212,14.291,14.21,52636.57,48626.1,42715.57,1.05
2017-01-13,14.24,14.24,14.13,14.07,30025.32,-0.03,-0.21,14.312,14.303,14.214,34952.47,38538.11,40032.82,0.26
2017-01-12,14.34,14.37,14.16,14.15,36373.91,-0.18,-1.25,14.356,14.298,14.193,35650.53,38113.29,41860.2,0.32
2017-01-11,14.45,14.45,14.34,14.31,44597.47,-0.12,-0.83,14.394,14.292,14.173,38464.28,38493.94,43934.38,0.39
2017-01-10,14.46,14.54,14.46,14.36,31989.67,-0.01,-0.07,14.404,14.284,14.16,42799.39,37622.32,45031.49,0.28
2017-01-09,14.33,14.48,14.47,14.33,31775.96,0.12,0.84,14.37,14.249,14.145,44615.64,38840.55,49696.69,0.28
2017-01-06,14.31,14.43,14.35,14.27,33515.62,0.0,0.0,14.294,14.216,14.156,42123.76,38859.48,50003.96,0.29
2017-01-05,14.41,14.52,14.35,14.32,50442.7,-0.04,-0.28,14.24,14.207,14.17,40576.05,39368.75,51119.68,0.44
2017-01-04,14.28,14.43,14.39,14.27,66272.99,0.1,0.7,14.19,14.196,14.183,38523.6,40030.01,50487.13,0.58
2017-01-03,14.09,14.33,14.29,14.09,41070.92,0.2,1.42,14.164,14.153,14.196,32445.26,36642.76,48277.1,0.36
